OBJECTID,FAC_GN,FAC_NM,FAC_ADDR_T,STRCT_NU,PRSZ_CD,PRSZ_DESC_,PRSZ_HILL_,PRSZ_SRC_C,PRSZ_SRC_D,PLNG_PRSZ_,PLNG_PRSZ1,FUND_CD,FAC_SITE_G,FAC_ALT_CD,CITY_CD,CNTY_CD,ZIP_NU,FAC_DIRCTN,RTU_NM,OPS_LOOP_N,FAC_TYPE_N,FAC_TYPE_A,MAP_EAST_N,MAP_NORTH_,FAC_STAT_C,FAC_FAC_ST,FAC_FAC__1,FAC_PRINT_,FAC_FULL_P,FAC_LOC_TX,FAC_TEMP_F,FAC_STBY_F,FAC_STAFFE,WTR_TYPE_C,FAC_ABBRV_,MAINT_AREA,FAC_NAD83_,FAC_NAD831,STRCT_NM,geometry
25,2736,SCHAPIRO RESERVOIR,WEST OF END OF BONITA RD.,2105.0,A2A,Berryman,W,,,,,WSG,0.0,,RCH,CC,,,,0.0,DISTRIBUTION RESERVOIR,DRES,1473,534,IS,2015-07-09,,SCHAPIRO RESERVOIR,SCHAPIRO RESERVOIR (DRES),,N,N,N,P,SCHAPIRO NO. 2,1.0,6036910.0,2175744.0,Schapiro Reservoir,POINT (-122.320187263703 37.9562105074408)
29,2813,ESTATES NO. 2 RESERVOIR,"6317 ESTATES DRIVE, OAKLAND, CA",2116.0,B5A,Dingee,W,,,,,WSG,102.0,,OAK,,,,,0.0,DISTRIBUTION RESERVOIR,DRES,1503,486,IS,2015-03-19,,ESTATES NO. 2 RESERVOIR,ESTATES NO. 2 RESERVOIR (DRES),"6317 ESTATES DRIVE, OAKLAND, CA",N,N,N,P,,2.0,6065892.0,2128229.0,Estates Reservoir (Proposed),POINT (-122.216659790367 37.82724845649514)
32,2763,ESTATES NO. 1 RESERVOIR,"6317 ESTATES DRIVE, OAKLAND, CA",2116.0,B5A,Dingee,W,,,,,WSG,102.0,,OAK,,,,,0.0,DISTRIBUTION RESERVOIR,DRES,1503,486,IS,2015-03-19,,ESTATES NO. 1 RESERVOIR,ESTATES NO. 1 RESERVOIR (DRES),"6317 ESTATES DRIVE, OAKLAND, CA",N,N,N,P,,2.0,6065809.0,2128370.0,Estates Reservoir (Proposed),POINT (-122.2169560756945 37.82763144000984)
33,39,LAFAYETTE RESERVOIR,Opposite Lafayette Center,527.0,,,,,,,,WSG,0.0,,LAF,CC,,,WAST01,531.0,SUPPLY RESERVOIR,SRES,1527,508,SB,1990-01-01,,LAFAYETTE RESERVOIR (SB),LAFAYETTE RESERVOIR (SRES) (SB),,N,N,N,U,LAFAYETTE RES,1.0,6088687.0,2148937.0,Lafayette Reservoir and Dam,POINT (-122.1390024227137 37.88523190210656)
36,378,SIESTA RESERVOIR,"END OF QUARRY HOUSE ROAD, OFF WILDER ROAD",589.0,D7A,Baseline,E,,,,,WSG,0.0,,OR,CC,,,,0.0,DISTRIBUTION RESERVOIR,DRES,1512,502,IS,2011-11-02,,SIESTA RESERVOIR,SIESTA RESERVOIR (DRES),"END OF QUARRY HOUSE ROAD, OFF WILDER ROAD, ORINDA",N,N,N,P,SIESTA,1.0,6073818.0,2143128.0,Siesta Reservoir,POINT (-122.1901529869495 37.86855498484613)
41,1967,LAGUNA NO. 2 RESERVOIR,179 Crestview Drive (through a private residence gate),2094.0,D9J,Laguna,E,,,,,WSG,0.0,,OR,CC,,,OA45-2,655.0,DISTRIBUTION RESERVOIR,DRES,1515,498,IS,2009-02-27,,LAGUNA NO. 2 RESERVOIR,LAGUNA NO. 2 RESERVOIR (DRES),,N,N,N,P,LAGUNA NO 2 RES,1.0,6078245.0,2138915.0,Laguna No 2 Reservoir,POINT (-122.1745577791512 37.8572052722071)
43,1577,BERRYMAN RESERVOIR,1375 Euclid Ave,725.0,A2A,Berryman,W,A2A,Berryman,,,WSG,0.0,,BER,AL,,,SA44,284.0,DISTRIBUTION RESERVOIR,DRES,1491,508,IS,2013-03-13,,BERRYMAN RESERVOIR,BERRYMAN RESERVOIR (DRES),,N,N,N,P,BERRYMAN,2.0,6053267.0,2149237.0,Berryman Reservoir,POINT (-122.2617338812846 37.88428836820101)
51,1595,Hawthorne Reservoir,Access Rd R/W - 1000' E/o Woodbury Ct,714.0,F3A,Danville,E,,,,,WSG,0.0,,WC,CC,,,WA41,813.0,DISTRIBUTION RESERVOIR,DRES,1560,506,IS,2001-07-11,,Hawthorne Reservoir,Hawthorne Reservoir (DRES),,N,N,,P,Hawthorne,1.0,6123547.0,2147807.0,Hawthorne Reservoir,POINT (-122.0181593430047 37.88374046620211)
55,169,Ridgewood PT Reservoir,2085 Ridgewood Rd,684.0,D5AE,Ridgewood,E,,,,,WSG,0.0,,AMO,CC,,,,0.0,DISTRIBUTION RESERVOIR,DRES,1554,496,IS,1963-01-01,,Ridgewood PT Reservoir,Ridgewood PT Reservoir (DRES),,N,N,N,P,Ridgewood PT,1.0,6115565.0,2137258.0,Ridgewood PP and Pressure Tank,POINT (-122.0452104345096 37.85441549653682)
59,375,SCENIC SOUTH RESERVOIR,R/W east of Charbray St. approx. 400 ft. south of Baltana St.,2092.0,F7E,Scenic,E,,,,,WSG,0.0,,DAN,CC,,,,0.0,DISTRIBUTION RESERVOIR,DRES,1602,470,TRS,2009-06-01,,SCENIC SOUTH RESERVOIR,SCENIC SOUTH RESERVOIR (DRES),,N,N,N,P,SCENIC-SOUTH,1.0,6163998.0,2112148.0,Scenic South Reservoir,POINT (-121.8761961331502 37.7875427697364)
2,59,BERKELEY VIEW NO. 2 RESERVOIR,1363 Summit Rd,1794.0,A11C,Berkeley View,W,,,,,WSG,0.0,,OAK,AL,,,SA17,294.0,DISTRIBUTION RESERVOIR,DRES,1494,508,TRS,2007-12-11,,BERKELEY VIEW NO. 2 RESERVOIR,BERKELEY VIEW NO. 2 RESERVOIR (DRES),,N,N,N,P,BERKELEY VIEW NO. 2,2.0,6057802.0,2149250.0,Berkeley View No 2 Reservoir,POINT (-122.2460234581594 37.88455745746389)
21,197,Summit North Reservoir,N end Club View Dr,976.0,A5A,Summit,W,,,,,WSG,0.0,,RCH,CC,,,SA06,251.0,DISTRIBUTION RESERVOIR,DRES,1482,526,IS,1959-01-01,,Summit North Reservoir,Summit North Reservoir (DRES),,N,N,N,P,Summit North,2.0,6043525.0,2166790.0,Summit North Reservoir,POINT (-122.2966503226884 37.93197622786192)
22,201,Tewksbury Reservoir,6806 Del Monte Av,921.0,A4C,Tewksbury,W,,,,,WSG,0.0,,EC,CC,,,SA62,226.0,DISTRIBUTION RESERVOIR,DRES,1479,528,IS,2005-12-08,,Tewksbury Reservoir,Tewksbury Reservoir (DRES),,N,N,N,P,Tewksbury,2.0,6040858.0,2168988.0,Tewksbury Reservoir,POINT (-122.3060427966817 37.93787046202871)
61,74,Castro Reservoir,400' NE/o End of Coach Dr,1912.0,A4M,Shawn,W,,,,,WSG,0.0,,RCH,CC,,,SA45,259.0,DISTRIBUTION RESERVOIR,DRES,1491,540,IS,2007-11-15,,Castro Reservoir,Castro Reservoir (DRES),,N,N,N,P,Castro,1.0,6054943.0,2180653.0,Castro Reservoir,POINT (-122.2579702228144 37.97063528256474)
73,36,Pardee Reservoir,"Camp Pardee, on Mokelumne River",101.0,,,,,,,,WSG,0.0,,VS,CA,95252,,XP01,0.0,SUPPLY RESERVOIR,SRES,0,0,IS,1929-01-01,,Pardee Reservoir,Pardee Reservoir (SRES),,N,N,N,U,Pardee Res,1.0,6461107.0,2280497.0,Pardee Reservoir and Dam,POINT (-120.850203272947 38.25735963894055)
104,150,Oak Knoll Reservoir,4501 Oak Hill Rd,931.0,B3A,Piedmont,W,,,,,WSG,0.0,,OAK,AL,,,UA07,364.0,DISTRIBUTION RESERVOIR,DRES,1524,464,TRS,2007-03-13,2007-03-27,Oak Knoll Reservoir,Oak Knoll Reservoir (DRES),,N,N,N,P,Oak Knoll,2.0,6087690.0,2105643.0,Oak Knoll Reservoir,POINT (-122.1398283848713 37.76630221632801)
110,220,Watson Reservoir,Hospital access road at 12700 Alcosta Blvd.,1915.0,F4A,Amador,E,,,,,WSG,0.0,,SR,CC,,,WA46,823.0,DISTRIBUTION RESERVOIR,DRES,1578,468,IS,1990-07-27,,Watson Reservoir,Watson Reservoir (DRES),,N,N,N,P,Watson,1.0,6140901.0,2108450.0,Watson Reservoir,POINT (-121.9559138117107 37.77642475837983)
130,142,Moraga Reservoir,Opp 310 Claudia Ct,555.0,D5A,Bryant,E,,,,,WSG,0.0,,MOR,CC,,,OA65,578.0,DISTRIBUTION RESERVOIR,DRES,1533,494,IS,1966-01-01,,Moraga Reservoir,Moraga Reservoir (DRES),,N,N,N,P,Moraga,1.0,6094589.0,2135426.0,Moraga Reservoir,POINT (-122.1177442087372 37.84841255373131)
131,160,Pinehaven No. 1 Reservoir,6039 Grizzly Peak Bl,735.0,B11A,Pinehaven,W,,,,,WSG,0.0,,OAK,AL,,,UA14,418.0,DISTRIBUTION RESERVOIR,DRES,1506,496,TRS,2003-07-02,,Pinehaven No. 1 Reservoir,Pinehaven No. 1 Reservoir (DRES),,N,N,N,P,Pinehaven No. 1,2.0,6067807.0,2137147.0,Pinehaven Reservoir,POINT (-122.2105944994006 37.85183154943191)
132,93,Donald Reservoir,.5 mi SE/o Junc. Donald & Goodfellow Drs,975.0,D7A,Baseline,E,,,,,WSG,0.0,,MOR,CC,,,LP02,584.0,DISTRIBUTION RESERVOIR,DRES,1527,496,IS,1961-01-01,,Donald Reservoir,Donald Reservoir (DRES),,N,N,N,P,Donald,1.0,6088710.0,2137548.0,Donald Reservoir,POINT (-122.138231006981 37.85395871085353)
136,129,Las Aromas Reservoir,End Aqua Vista off St Stephens Dr,959.0,D7B,Las Aromas,E,,,,,WSG,0.0,,OR,CC,,,OA18,601.0,DISTRIBUTION RESERVOIR,DRES,1515,512,IS,2003-04-22,,Las Aromas Reservoir,Las Aromas Reservoir (DRES),,N,N,N,P,Las Aromas,1.0,6078566.0,2153402.0,Las Aromas Reservoir,POINT (-122.1743425216483 37.89699872624054)
147,157,Peralta Reservoir,End Golf Links Rd in Chabot Golf Course,940.0,B4B,Peralta,W,,,,,WSG,0.0,,OAK,AL,,,UA56,471.0,DISTRIBUTION RESERVOIR,DRES,1527,456,IS,2008-04-10,,Peralta Reservoir,Peralta Reservoir (DRES),,N,N,N,P,Peralta,2.0,6091107.0,2096457.0,Peralta Reservoir,POINT (-122.127456464632 37.74124195241477)
148,1579,Palomares No. 1 Reservoir,Adjacent to 6421 Sunnyslope Av,708.0,C4B,Jensen,W,,,,,WSG,0.0,,CV,AL,,,UA57,470.0,DISTRIBUTION RESERVOIR,DRES,1557,440,IS,2001-06-04,,Palomares No. 1 Reservoir,Palomares No. 1 Reservoir (DRES),,N,N,,P,Palomares No. 1,2.0,6119698.0,2082349.0,Palomares No 1 Reservoir,POINT (-122.0277941600577 37.70382479308719)
149,1580,Palomares No. 2 Reservoir,Adjacent to 6421 Sunnyslope Av,709.0,C4B,Jensen,W,,,,,WSG,1579.0,,CV,AL,,,UA57,470.0,DISTRIBUTION RESERVOIR,DRES,1557,440,TRS,2006-09-28,2009-09-28,Palomares No. 2 Reservoir,Palomares No. 2 Reservoir (DRES),,N,N,,P,Palomares No. 2,2.0,6119764.0,2082299.0,Palomares No 2 Reservoir,POINT (-122.0275632317433 37.70369045097295)
150,99,Emmons Reservoir,Emmons Canyon Dr,1910.0,F5B,Diablo,E,,,,,WSG,0.0,,AMO,CC,,,WA51,830.0,DISTRIBUTION RESERVOIR,DRES,1575,496,IS,1994-09-21,,Emmons Reservoir,Emmons Reservoir (DRES),,N,N,N,P,Emmons,1.0,6138192.0,2137932.0,Emmons Reservoir,POINT (-121.9668839383055 37.85726533933021)
153,1597,Mulholland No. 1 Reservoir,N/S Donald Dr 700'  W/o Goodfellow Dr,1943.0,D9A,Mulholland,E,,,,,WSG,0.0,,OR,CC,,,OA48,639.0,DISTRIBUTION RESERVOIR,DRES,1524,498,TRS,2006-12-05,,Mulholland No. 1 Reservoir,Mulholland No. 1 Reservoir (DRES),,N,N,,P,Mulholland No. 1,1.0,6087337.0,2139212.0,Mulholland No 1 Reservoir,POINT (-122.1430870037072 37.85846178462477)
154,174,Round Hill Reservoir,East Gnarled Oak Dr,1911.0,F7D,Round Hill,E,,,,,WSG,0.0,,AMO,CC,,,WA59,861.0,DISTRIBUTION RESERVOIR,DRES,1569,498,IS,1981-01-01,,Round Hill Reservoir,Round Hill Reservoir (DRES),,N,N,N,P,Round Hill,1.0,6131123.0,2138634.0,Round Hill Reservoir,POINT (-121.9914052166263 37.85888637491722)
157,167,Rheem Reservoir,201 Rheem Blvd (opp Zander),1705.0,D7A,Baseline,E,,,,,WSG,0.0,,LAF,CC,,,OA49,583.0,DISTRIBUTION RESERVOIR,DRES,1524,502,IS,1996-08-23,,Rheem Reservoir,Rheem Reservoir (DRES),,N,N,N,P,Rheem,1.0,6086925.0,2142959.0,Rheem Reservoir,POINT (-122.1447418458477 37.86873064516669)
164,190,Sobrante Clearwell,Sobrante C,505.0,G0A,Central,W,,,,,WSG,30.0,,ELS,CC,,,SP01,159.0,DISTRIBUTION RESERVOIR,DRES,1485,538,IS,2006-04-01,,Sobrante Clearwell,Sobrante Clearwell (DRES),,N,N,N,P,Sobrante CW,1.0,6048267.0,2178527.0,Sobrante WTP,POINT (-122.2809854134122 37.9644514928397)
75,52,Bacon Reservoir,N/o End Bacon Ct,581.0,E5B,Brookwood,E,,,,,WSG,0.0,,LAF,CC,,,WA44,685.0,DISTRIBUTION RESERVOIR,DRES,1542,516,IS,2004-03-19,,Bacon Reservoir,Bacon Reservoir (DRES),,N,N,N,P,Bacon,1.0,6103517.0,2157237.0,Bacon Reservoir,POINT (-122.0881084544938 37.90872218107532)
77,209,Valley View Reservoir,E/s Happy Valley Rd (1 mi NW/o Upper Happy Valley Rd),564.0,D9C,Valley View,E,,,,,WSG,0.0,,LAF,CC,,,OA47,645.0,DISTRIBUTION RESERVOIR,DRES,1521,518,IS,2002-04-24,,Valley View Reservoir,Valley View Reservoir (DRES),,N,N,N,P,Valley View,1.0,6082648.0,2159273.0,Valley View Reservoir,POINT (-122.1605586633731 37.91331896320536)
78,376,Nicholl Knob Reservoir,"At the end of Crest Avenue, enter through EBRP Gate # 61-3.",1941.0,A1B,Nicholl Knob,W,,,,,WSG,0.0,,RCH,CC,,,SA52,173.0,DISTRIBUTION RESERVOIR,DRES,1455,522,IS,1997-09-17,,Nicholl Knob Reservoir,Nicholl Knob Reservoir (DRES),,N,N,N,P,Nicholl Knob,2.0,6018853.0,2163123.0,Nicholl Knob Res,POINT (-122.3819219858027 37.92057716806879)
80,187,Skyline Reservoir,N/o Skyline Bl 1000' E/o Castle Dr,965.0,B13A,Skyline,W,,,,,WSG,0.0,,OAK,AL,,,UA62,496.0,DISTRIBUTION RESERVOIR,DRES,1512,484,IS,2000-05-11,,Skyline Reservoir,Skyline Reservoir (DRES),,N,N,N,P,Skyline,2.0,6075044.0,2125533.0,Skyline Reservoir,POINT (-122.1848090974657 37.82030154127101)
86,141,Montclair Reservoir,1883 Drake Dr,758.0,B7A,Joaquin Miller,W,,,,,WSG,0.0,,OAK,AL,,,UA05,399.0,DISTRIBUTION RESERVOIR,DRES,1506,488,IS,1937-01-01,,Montclair Reservoir,Montclair Reservoir (DRES),,N,N,N,P,Montclair,2.0,6069134.0,2129262.0,Montclair Reservoir,POINT (-122.2055017857078 37.83024710569485)
179,96,Echo Springs Reservoir,End Echo Springs off Reliez Val Rds,991.0,E7B,Echo Springs,E,,,,,WSG,0.0,,LAF,CC,,,WA52,693.0,DISTRIBUTION RESERVOIR,DRES,1533,522,IS,2005-03-09,,Echo Springs Reservoir,Echo Springs Reservoir (DRES),,N,N,N,P,Echo Springs,1.0,6095026.0,2164297.0,Echo Springs Tank,POINT (-122.1179584873303 37.92770881482045)
186,87,Cull Creek Reservoir,Cull Canyon Rd N/o High School,990.0,C2A,Almond,W,,,,,WSG,0.0,,CV,AL,,,UA47,449.0,DISTRIBUTION RESERVOIR,DRES,1551,442,TRS,2007-09-19,,Cull Creek Reservoir,Cull Creek Reservoir (DRES),,N,N,N,P,Cull Creek,2.0,6112637.0,2084026.0,Cull Creek Reservoir,POINT (-122.0522944191699 37.70811093189849)
190,47,Arcadian Reservoir,End of Brookdale,1907.0,C4A,Proctor,W,,,,,WSG,0.0,,CV,AL,,,UA60,457.0,DISTRIBUTION RESERVOIR,DRES,1539,446,IS,1996-07-30,,Arcadian Reservoir,Arcadian Reservoir (DRES),,N,N,N,P,Arcadian,2.0,6100937.0,2087947.0,Arcadian Reservoir,POINT (-122.0929644989295 37.71833828622571)
191,44,Almond Reservoir,Opposite 18083 Lamson Rd,941.0,C2A,Almond,W,,,,,WSG,0.0,,CV,AL,,,UA26,448.0,DISTRIBUTION RESERVOIR,DRES,1542,446,IS,1954-01-01,,Almond Reservoir,Almond Reservoir (DRES),,N,N,N,P,Almond,2.0,6104131.0,2086508.0,Almond Reservoir,POINT (-122.0818392740411 37.71453554642389)
193,134,Madison Reservoir,Opp 16872 Columbia Dr,999.0,C6B,Madison,W,,,,,WSG,0.0,,CV,AL,,,UA19,491.0,DISTRIBUTION RESERVOIR,DRES,1548,450,IS,1980-01-01,,Madison Reservoir,Madison Reservoir (DRES),,N,N,N,P,Madison,2.0,6110567.0,2091857.0,Madison Reservoir,POINT (-122.0599000296728 37.72951992922641)
195,213,Walpert Reservoir,N/S Star Ridge Rd 800' W/o Fairview Av,977.0,C6A,Walpert,W,,,,,WSG,0.0,,HAY,AL,,E,UA46,487.0,DISTRIBUTION RESERVOIR,DRES,1554,430,IS,1958-01-01,,Walpert Reservoir,Walpert Reservoir (DRES),,N,N,N,P,Walpert,2.0,6117578.0,2071603.0,Walpert Tank,POINT (-122.0345127510126 37.67422154362445)
196,165,Quarry Reservoir,24458 Fairview Av,944.0,C2B,Quarry,W,,,,,WSG,0.0,,HAY,AL,,E,UA10,454.0,DISTRIBUTION RESERVOIR,DRES,1551,432,IS,2002-08-09,,Quarry Reservoir,Quarry Reservoir (DRES),,N,N,N,P,Quarry,2.0,6113655.0,2072989.0,Quarry Reservoir,POINT (-122.0481451465058 37.67785014837173)
199,1049,Walpert North No. 2 Reservoir,E/o the end of Boulder Canyon Drive,700.0,C4C,Fairview,W,,,,,WSG,0.0,,CV,AL,,,UAA53,484.0,DISTRIBUTION RESERVOIR,DRES,1557,436,IS,1996-11-13,,Walpert North No. 2 Reservoir,Walpert North No. 2 Reservoir (DRES),Walpert North No. 1,N,N,N,P,Walpert North No. 2,2.0,6119220.0,2078107.0,Walpert North No 2 Reservoir,POINT (-122.0292068318269 37.69215502620653)
202,1932,Round Top Reservoir,"At Robert Selby Reserve - R/W off Skyline Blvd., east of Grizzly Peak Blvd.",2041.0,,,,,,,,WSG,0.0,,OAK,AL,,,,0.0,DISTRIBUTION RESERVOIR,DRES,1509,496,IS,2005-09-28,,Round Top Reservoir,Round Top Reservoir (DRES),,N,N,,P,,2.0,6072197.0,2136437.0,Round Top Reservoir,POINT (-122.1953474325998 37.85010118236831)
223,95,Dunsmuir Reservoir,N/o R/W at Covington St. (E/o MacArthur Fwy),1777.0,G0A,Central,W,,,,,WSG,0.0,,OAK,AL,,,UA49,447.0,DISTRIBUTION RESERVOIR,DRES,1524,456,TRS,2008-01-07,2008-02-08,Dunsmuir Reservoir,Dunsmuir Reservoir (DRES),,N,N,N,P,Dunsmuir,2.0,6086367.0,2096607.0,Dunsmuir Reservoir,POINT (-122.1438559425862 37.7414265450123)
228,163,Proctor No. 1 Reservoir,300' N/o End of Proctor Rd,917.0,C4A,Proctor,W,,,,,WSG,0.0,,CV,AL,,,UA16,464.0,DISTRIBUTION RESERVOIR,DRES,1545,448,TRS,2006-11-07,,Proctor No. 1 Reservoir,Proctor No. 1 Reservoir (DRES),,N,N,N,P,Proctor No. 1,2.0,6108092.0,2088850.0,Proctor No 1 Reservoir,POINT (-122.0682829351346 37.72114942414632)
234,35,Briones Reservoir,"On Bear Creek Rd., NE of San Pablo Dam Rd.",521.0,,,,,,,,WSG,0.0,,OR,CC,,,OAST01,548.0,SUPPLY RESERVOIR,SRES,1506,518,IS,1964-01-01,,Briones Reservoir,Briones Reservoir (SRES),,N,N,N,U,Briones Res,1.0,6068567.0,2159647.0,Briones Reservoir and Dam,POINT (-122.2093849900474 37.91365033353039)
237,1696,Wiedemann No. 2 Reservoir,Unknown,737.0,F11A,Wiedemann,E,,,,,WSG,0.0,,SR,CC,,,,0.0,DISTRIBUTION RESERVOIR,DRES,1569,454,IS,2004-11-01,,Wiedemann No. 2 Reservoir,Wiedemann No. 2 Reservoir (DRES),,N,N,,P,Wiedemann #2,1.0,6131067.0,2096147.0,Wiedemann No 2 Reservoir,POINT (-121.9892585488658 37.74221627167414)
238,1692,Knife No. 1 Reservoir,"End of Ashbourne Dr, Approximately 1.2 miles S/E of Norris Canyon Rd",728.0,F13A,Knife,E,,,,,WSG,0.0,,SR,CC,,,,0.0,DISTRIBUTION RESERVOIR,DRES,1569,454,TRS,2005-11-03,,Knife No. 1 Reservoir,Knife No. 1 Reservoir (DRES),,N,N,,P,Knife #1,1.0,6130427.0,2095587.0,Knife No 1 Reservoir,POINT (-121.9914408380317 37.74065056987335)
203,210,Valory Reservoir (Former),N/o End Panorama Dr (N/o Hpy Val Rd),972.0,D7B,Las Aromas,E,,,,,WSG,0.0,,LAF,CC,,,OA55,605.0,DISTRIBUTION RESERVOIR,DRES,1527,516,TRS,2006-01-25,,Valory Reservoir (Former),Valory Reservoir (Former) (DRES),,N,N,N,P,Valory,1.0,6088600.0,2157434.0,Valory Tank,POINT (-122.1398180157636 37.90855733238225)
210,835,San Pablo Recreation Area Reservoir,North corner of upper parking lot at San Pablo Rec Area,881.0,,,,A2AA,Trilane,,,WSG,530.0,,ELS,CC,,,OA35,627.0,DISTRIBUTION RESERVOIR,DRES,1491,526,IS,1972-01-01,,San Pablo Recreation Area Reservoir,San Pablo Recreation Area Reservoir (DRES),,N,N,N,P,San Pablo Recreation Area,1.0,6054731.0,2167552.0,San Pablo Reservoir Recreation Area,POINT (-122.2578525179617 37.9346524327772)
169,198,Summit South Reservoir,102 Hiller Dr,1708.0,A5A,Summit,W,,,,,WSG,0.0,,OAK,AL,,,SA03,253.0,DISTRIBUTION RESERVOIR,DRES,1500,496,IS,1995-04-05,,Summit South Reservoir,Summit South Reservoir (DRES),,N,N,N,P,Summit South,2.0,6062317.0,2137809.0,Summit South Reservoir,POINT (-122.2296485615165 37.85337242901196)
257,132,Los Altos Reservoir,600' N/o end Los Altos Dr,935.0,D5A,Bryant,E,,,,,WSG,0.0,,OR,CC,,,OA17,569.0,DISTRIBUTION RESERVOIR,DRES,1509,514,IS,2005-12-07,,Los Altos Reservoir,Los Altos Reservoir (DRES),,N,N,N,P,Los Altos,1.0,6072047.0,2155574.0,Los Altos Reservoir,POINT (-122.1970679036744 37.9026404686358)
262,67,Bryant Reservoir,373 Glorietta Blvd,919.0,D5A,Bryant,E,,,,,WSG,0.0,,OR,CC,,,OA03,561.0,DISTRIBUTION RESERVOIR,DRES,1521,506,IS,2008-03-26,,Bryant Reservoir,Bryant Reservoir (DRES),,N,N,N,P,Bryant,1.0,6082727.0,2147417.0,Bryant Reservoir,POINT (-122.159556582476 37.88076828998269)
282,64,Blackhawk No. 1 Reservoir,S/o End Wild Oak Ln,1914.0,F8A,Blackhawk,E,,,,,WSG,0.0,,BHK,CC,,,WA45,880.0,DISTRIBUTION RESERVOIR,DRES,1593,480,IS,1996-08-23,,Blackhawk No. 1 Reservoir,Blackhawk No. 1 Reservoir (DRES),,N,N,N,P,Blackhawk No. 1,1.0,6155779.0,2121872.0,Blackhawk No 1 Reservoir,POINT (-121.9051380426798 37.81390559994237)
285,140,Montair Reservoir,304 Montair Dr,1721.0,F7B,Montair,E,,,,,WSG,0.0,,DAN,CC,,,WA25,853.0,DISTRIBUTION RESERVOIR,DRES,1560,482,IS,1963-01-01,,Montair Reservoir,Montair Reservoir (DRES),,N,N,N,P,Montair,1.0,6122330.0,2123188.0,Montair Reservoir,POINT (-122.0209901121745 37.81608435083172)
292,166,Redwood Reservoir,4392 Terabella Way,939.0,B3A,Piedmont,W,,,,,WSG,0.0,,OAK,AL,,,UA61,367.0,DISTRIBUTION RESERVOIR,DRES,1515,476,IS,1998-09-08,,Redwood Reservoir,Redwood Reservoir (DRES),,N,N,N,P,Redwood,2.0,6076890.0,2116837.0,Redwood Reservoir,POINT (-122.1778797148453 37.79651449413878)
325,1909,Berryman North Reservoir,7600 Potrero Ave,2033.0,A2A,Berryman,W,,,,,WSG,0.0,,EC,CC,,,SA32,186.0,DISTRIBUTION RESERVOIR,DRES,0,0,IS,2005-04-14,,Berryman North Reservoir,Berryman North Reservoir (DRES),,N,N,,P,Berryman-North,2.0,0.0,0.0,Berryman-North Reservoir,POINT (165.9984561648176 -90)
343,128,Larkey Reservoir,2201 Larkey Ln Walnut Creek C,1779.0,E3A,Colorados,E,,,,,WSG,33.0,,WC,CC,,W,WP01,821.0,DISTRIBUTION RESERVOIR,DRES,1542,516,IS,2002-07-08,,Larkey Reservoir,Larkey Reservoir (DRES),,N,N,N,P,Larkey,1.0,6104283.0,2158027.0,Larkey Reservoir,POINT (-122.0855000768914 37.91092703936629)
350,204,Tice Reservoir,End of Rockview Dr,568.0,E3A,Colorados,E,,,,,WSG,0.0,,WC,CC,,,OA42,677.0,DISTRIBUTION RESERVOIR,DRES,1548,502,IS,1999-05-19,,Tice Reservoir,Tice Reservoir (DRES),,N,N,N,P,Tice,1.0,6110164.0,2142803.0,Tice Reservoir,POINT (-122.0642360023641 37.86939535902277)
352,81,Colorados Reservoir,1/4 mi E/o Reliez Sta Rd-800 feet N/o Glenside Dr - On Diablo Oaks Way,920.0,E3A,Colorados,E,,,,,WSG,0.0,,WC,CC,,,WA63,818.0,DISTRIBUTION RESERVOIR,DRES,1539,506,IS,2001-05-08,,Colorados Reservoir,Colorados Reservoir (DRES),,N,N,N,P,Colorados,1.0,6101957.0,2147547.0,Colorados Reservoir,POINT (-122.0929436321852 37.88204202935545)
357,119,Hill Mutual PT Reservoir,225 Sydney Dr,1454.0,D7KA,Hill Mutual,E,,,,,WSG,0.0,,WC,CC,,S,,0.0,DISTRIBUTION RESERVOIR,DRES,1551,500,IS,1979-01-01,,Hill Mutual PT Reservoir,Hill Mutual PT Reservoir (DRES),,N,N,N,P,Hill Mutual PT,1.0,6113653.0,2141914.0,Hill Mutual PP and Pressure Tank,POINT (-122.0520993892405 37.86711362449297)
359,178,Scenic Reservoir,R/W off Canyon Oak Ln,1906.0,F7E,Scenic,E,,,,,WSG,0.0,,BHK,CC,,,WA66,869.0,DISTRIBUTION RESERVOIR,DRES,1584,490,IS,1997-08-27,,Scenic Reservoir,Scenic Reservoir (DRES),,N,N,N,P,Scenic,1.0,6146017.0,2130697.0,Scenic Reservoir,POINT (-121.9393976144916 37.83773177445038)
363,72,Castenada No. 2 Reservoir,"N/s Crow Canyon Rd, 1000' E/o Canyon Crest Dr.",1929.0,F5BF,San Ramon,E,,,,,WSG,71.0,,SR,CC,,,WA47,842.0,DISTRIBUTION RESERVOIR,DRES,1584,472,IS,1993-08-03,,Castenada No. 2 Reservoir,Castenada No. 2 Reservoir (DRES),Castenada No. 1,N,N,N,P,Castenada No. 2,1.0,6146605.0,2112522.0,Castenada No 2 Reservoir,POINT (-121.9363962025327 37.78784833147542)
364,217,Woods Reservoir,765 Woodhaven Rd,1706.0,A7D,Arlington,W,,,,,WSG,0.0,,BER,AL,,,SA48,276.0,DISTRIBUTION RESERVOIR,DRES,1491,514,IS,2005-11-11,,Woods Reservoir,Woods Reservoir (DRES),,N,N,N,P,Woods,2.0,6054636.0,2154458.0,Woods Reservoir,POINT (-122.257329967894 37.8986945372179)
273,102,Estates Reservoir,6317 Estates Dr,732.0,B5A,Dingee,W,,,,,WSG,0.0,,OAK,AL,,,UA43,384.0,DISTRIBUTION RESERVOIR,DRES,1503,486,IS,2001-01-05,,Estates Reservoir,Estates Reservoir (DRES),,N,N,N,P,Estates,2.0,6066100.0,2128284.0,Estates Reservoir,POINT (-122.2159433790616 37.82740951145691)
389,66,Brookwood Reservoir,End Gabel Ln at 1598 Reliez Vly Rd,958.0,E5B,Brookwood,E,,,,,WSG,0.0,,LAF,CC,,W,WA17,686.0,DISTRIBUTION RESERVOIR,DRES,1536,522,IS,2003-04-04,,Brookwood Reservoir,Brookwood Reservoir (DRES),,N,N,N,P,Brookwood,1.0,6097857.0,2163017.0,Brookwood Reservoir,POINT (-122.1080683663841 37.92432801454326)
400,206,University Reservoir,W end Bancroft Place,584.0,A7C,University,W,,,,,WSG,0.0,,OAK,AL,,,SA33,277.0,DISTRIBUTION RESERVOIR,DRES,1497,502,IS,1963-01-01,,University Reservoir,University Reservoir (DRES),,N,N,N,P,University,2.0,6058842.0,2143868.0,University Reservoir,POINT (-122.2420729581834 37.8698324253175)
424,2066,Pardee Recreation Area Tank,4900 Stoney Creek Road,0.0,,,,,,,,WSG,0.0,,ION,AM,95640,,,0.0,SUPPLY RESERVOIR,SRES,0,0,IS,1990-01-01,,Pardee Recreation Area Tank,Pardee Recreation Area Tank (SRES),,N,N,,P,PARA Tank,1.0,0.0,0.0,,POINT (165.9984561648176 -90)
425,2065,Camanche South Shore Recreation Area East Tank,11700 Wade Lane,0.0,,,,,,,,WSG,0.0,,WAL,CA,95225,,,0.0,SUPPLY RESERVOIR,SRES,0,0,IS,1990-01-01,,Camanche South Shore Recreation Area East Tank,Camanche South Shore Recreation Area East Tank (SRES),,N,N,,P,CASS East Tank,1.0,0.0,0.0,,POINT (165.9984561648176 -90)
451,1504,Water Truck 7070,"No permanent location, see Intranet for current location.",0.0,,,,,,,,WSG,0.0,,,,,,,0.0,PORTABLE RESERVOIR,PRES,0,0,IS,1990-01-01,,Water Truck 7070,Water Truck 7070 (PRES),,N,N,,,Water Truck 7070,0.0,0.0,0.0,,POINT (165.9984561648176 -90)
405,218,Miranda Reservoir,"2700 off Dorchester Lane, between Stonegate Drive and Barrington Lane",1931.0,F5B,Diablo,E,,,,,WSG,0.0,,AMO,CC,,,WA48,840.0,DISTRIBUTION RESERVOIR,DRES,1566,506,IS,1990-09-19,,Miranda Reservoir,Miranda Reservoir (DRES),,N,N,N,P,Miranda,1.0,6127788.0,2146864.0,Miranda Reservoir,POINT (-122.0034134980767 37.88133889304099)
406,133,Luzon Reservoir,Lilac Circle,1763.0,A2B,Mendocino,W,,,,,WSG,0.0,,HER,CC,,,SA47,198.0,DISTRIBUTION RESERVOIR,DRES,1497,552,IS,1995-10-13,,Luzon Reservoir,Luzon Reservoir (DRES),,N,N,N,P,Luzon,1.0,6060414.0,2193095.0,Luzon Reservoir,POINT (-122.2397959220632 38.00507807797944)
410,85,Crockett Reservoir,550 Kendall Ave,793.0,A0A,Maloney,W,,,,,WSG,0.0,,CR,CC,,,SA24,160.0,DISTRIBUTION RESERVOIR,DRES,1500,570,IS,2005-12-29,,Crockett Reservoir,Crockett Reservoir (DRES),,N,N,N,P,Crockett Res,1.0,6062736.0,2211209.0,Crockett Reservoir,POINT (-122.2329023008219 38.05493192328638)
365,1743,Peabody Tectank Temporary Tank 0.28 MG,SE/o Rifle Range & Atwell Rds,0.0,A7D,Arlington,W,,,,,WSG,0.0,,EC,CC,,,SA18,274.0,DISTRIBUTION RESERVOIR,DRES,1482,524,TRS,2007-04-12,,Peabody Tectank Temporary Tank 0.28 MG,Peabody Tectank Temporary Tank 0.28 MG (DRES),,N,N,,P,Peabody 0.28 MG,2.0,6044827.0,2165127.0,,POINT (-122.2920264247139 37.92747857881275)
366,51,Arlington Reservoir,SE/o Rifle Range & Atwell Rds,789.0,A7D,Arlington,W,,,,,WSG,0.0,,EC,CC,,,SA18,274.0,DISTRIBUTION RESERVOIR,DRES,1482,524,IS,2007-03-30,,Arlington Reservoir,Arlington Reservoir (DRES),,N,N,N,P,Arlington,2.0,6044827.0,2165127.0,Arlington Reservoir,POINT (-122.2920264247139 37.92747857881275)
367,56,Bayview #2 Reservoir,E/o 22500 Bayview Ave,1783.0,C1A,Bayview,W,,,,,WSG,55.0,,HAY,AL,,NE,UA27,442.0,DISTRIBUTION RESERVOIR,DRES,1548,436,IS,1969-01-01,,Bayview #2 Reservoir,Bayview #2 Reservoir (DRES),,N,N,N,P,Bayview #2,2.0,6110887.0,2076782.0,Bayview No 2 Reservoir,POINT (-122.0579265448718 37.68813950439744)
369,50,Arroyo Reservoir,R/W S/o Shannon Ct,1924.0,D7J,Carter,E,,,,,WSG,0.0,,MOR,CC,,,OA28,626.0,DISTRIBUTION RESERVOIR,DRES,1536,482,IS,1991-04-23,,Arroyo Reservoir,Arroyo Reservoir (DRES),,N,N,N,P,Arroyo,1.0,6098547.0,2124347.0,Arroyo Reservoir,POINT (-122.1033810922358 37.8181777318628)
373,2068,Pardee Center Raw Water Elevated (Tower) Tank,3535 Sandretto Road,0.0,,,,,,,,WSG,0.0,,VS,CA,95252,,,0.0,SUPPLY RESERVOIR,SRES,0,0,IS,1990-01-01,,Pardee Center Raw Water Elevated (Tower) Tank,Pardee Center Raw Water Elevated (Tower) Tank (SRES),,N,N,,P,PACT Tower Tank,1.0,0.0,0.0,,POINT (165.9984561648176 -90)
377,1748,Las Trampas Reservoir,End of Glen Alpine Drive,2016.0,F9A,Las Trampas,E,,,,,WSG,0.0,,DAN,CC,,,,0.0,DISTRIBUTION RESERVOIR,DRES,1560,480,IS,2003-06-30,,Las Trampas Reservoir,Las Trampas Reservoir (DRES),,N,N,,P,Las Trampas,1.0,6122350.0,2122382.0,Las Trampas Reservoir,POINT (-122.0208755637196 37.81387201213544)
488,131,Leland Reservoir,Opp 1050 Leland Dr,946.0,H1A,Leland,E,,,,,WSG,0.0,,LAF,CC,,,WA60,799.0,DISTRIBUTION RESERVOIR,DRES,1539,510,IS,1955-01-01,,Leland Reservoir,Leland Reservoir (DRES),,N,N,N,P,Leland,1.0,6103357.0,2152322.0,Leland Reservoir,POINT (-122.0883740041958 37.895218826909)
494,196,Summit Reservoir,416 Spruce St,740.0,A5A,Summit,W,,,,,WSG,0.0,,BER,AL,,,SA16,252.0,DISTRIBUTION RESERVOIR,DRES,1488,516,IS,2003-07-25,,Summit Reservoir,Summit Reservoir (DRES),,N,N,N,P,Summit,2.0,6050885.0,2156997.0,Summit Reservoir,POINT (-122.2704938626533 37.905472047114)
502,135,Madrone Reservoir,300' E/o Balmoral Dr 400' N/o Skyline Bl,969.0,B9B,Madrone,W,,,,,WSG,0.0,,OAK,AL,,,UA54,413.0,DISTRIBUTION RESERVOIR,DRES,1518,476,IS,2000-05-18,,Madrone Reservoir,Madrone Reservoir (DRES),,N,N,N,P,Madrone,2.0,6081105.0,2117768.0,Madrone Reservoir,POINT (-122.1633511781936 37.79927733967045)
535,149,North Reservoir,2831 Moyers Dr,966.0,G0A,Central,W,,,,,WSG,0.0,,RCH,CC,,,SA21,162.0,DISTRIBUTION RESERVOIR,DRES,1473,540,IS,1997-01-03,,North Reservoir,North Reservoir (DRES),,N,N,N,P,North,1.0,6034792.0,2181959.0,North Reservoir,POINT (-122.327950959726 37.97316174820433)
541,103,Fairview Reservoir,25160 Old Fairview Av,978.0,C4C,Fairview,W,,,,,WSG,0.0,,HAY,AL,,E,UA33,474.0,DISTRIBUTION RESERVOIR,DRES,1554,432,IS,2003-07-16,,Fairview Reservoir,Fairview Reservoir (DRES),,N,N,N,P,Fairview,2.0,6115677.0,2072517.0,Fairview Reservoir,POINT (-122.0411323252488 37.67664563470705)
544,214,Welle Reservoir,2400' S/o End of Dupuru Dr,1791.0,A4G,Welle,W,,,,,WSG,0.0,,CR,CC,,,SA34,238.0,DISTRIBUTION RESERVOIR,DRES,1506,568,IS,2001-05-22,,Welle Reservoir,Welle Reservoir (DRES),,N,N,N,P,Welle,1.0,6069034.0,2208716.0,Welle Tank,POINT (-122.2108743985537 38.04840479487306)
550,78,Claremont Reservoir,2970 Claremont Av,712.0,G1AB,Claremont,W,,,,,WSG,0.0,,BER,AL,,,OA27,136.0,DISTRIBUTION RESERVOIR,DRES,1494,498,IS,1902-01-01,,Claremont Reservoir,Claremont Reservoir (DRES),,N,N,N,P,Claremont,2.0,6057278.0,2139120.0,Claremont Reservoir,POINT (-122.2471834889352 37.85671536868013)
555,193,Stonewall Reservoir,227 Stonewall Rd,720.0,A4A,Stonewall,W,,,,,WSG,0.0,,OAK,AL,,,SA60,222.0,DISTRIBUTION RESERVOIR,DRES,1497,500,IS,2005-09-02,,Stonewall Reservoir,Stonewall Reservoir (DRES),,N,N,N,P,Stonewall,2.0,6058757.0,2141225.0,Stonewall Tank,POINT (-122.2421970580723 37.86257093335885)
557,195,Strathmoor Reservoir,6 Strathmoor Dr,582.0,A9B,Strathmoor,W,,,,,WSG,0.0,,OAK,AL,,,SA19,280.0,DISTRIBUTION RESERVOIR,DRES,1500,500,IS,1961-01-01,,Strathmoor Reservoir,Strathmoor Reservoir (DRES),,N,N,N,P,Strathmoor,2.0,6062960.0,2141257.0,Strathmoor Tank,POINT (-122.2276421209838 37.86287257537845)
561,200,Swainland Reservoir,6275 Fairlane Dr,1767.0,B7A,Joaquin Miller,W,,,,,WSG,0.0,,OAK,AL,,,UA68,400.0,DISTRIBUTION RESERVOIR,DRES,1503,494,IS,2002-12-06,,Swainland Reservoir,Swainland Reservoir (DRES),,N,N,N,P,Swainland,2.0,6065892.0,2135736.0,Swainland Reservoir,POINT (-122.2171365051744 37.84786097073832)
562,122,Holly Reservoir,R/W at the end of High Eagle Court.,1913.0,D7K,Holly,E,,,,,WSG,0.0,,WC,CC,,,OA41,589.0,DISTRIBUTION RESERVOIR,DRES,1551,494,IS,1995-09-14,,Holly Reservoir,Holly Reservoir (DRES),,N,N,N,P,Holly,1.0,6114097.0,2135757.0,Holly Reservoir,POINT (-122.0502083579069 37.85022728334632)
563,43,Alamo Reservoir,Stonehill Dr. at Alamo Glen Dr.,1709.0,F3A,Danville,E,,,,,WSG,0.0,,AMO,CC,,,WA49,807.0,DISTRIBUTION RESERVOIR,DRES,1569,494,IS,1991-12-12,,Alamo Reservoir,Alamo Reservoir (DRES),,N,N,N,P,Alamo,1.0,6130527.0,2134910.0,Alamo Reservoir,POINT (-121.9932637153528 37.84863443179735)
515,45,Amador Reservoir,R/W off Alcosta Bl S/o Estero Dr,1784.0,F4A,Amador,E,,,,,WSG,0.0,,SR,CC,,,WA62,836.0,DISTRIBUTION RESERVOIR,DRES,1587,456,IS,2002-05-20,,Amador Reservoir,Amador Reservoir (DRES),,N,N,N,P,Amador,1.0,6150179.0,2097950.0,Amador Reservoir,POINT (-121.9232630843626 37.74798335466642)
521,148,Norris Reservoir,Alongside 6650 Jensen Ranch Rd.,1909.0,C5D,Norris,W,,,,,WSG,0.0,,CV,AL,,,UA08,483.0,DISTRIBUTION RESERVOIR,DRES,1557,446,IS,1980-01-01,,Norris Reservoir,Norris Reservoir (DRES),,N,N,N,P,Norris,2.0,6121089.0,2088037.0,Norris Reservoir,POINT (-122.0233063255292 37.71950597668735)
476,1503,Water Truck 7060,"No permanent location, see Intranet for current location.",0.0,,,,,,,,WSG,0.0,,,,,,,0.0,PORTABLE RESERVOIR,PRES,0,0,IS,1990-01-01,,Water Truck 7060,Water Truck 7060 (PRES),,N,N,,,Water Truck 7060,0.0,0.0,0.0,,POINT (165.9984561648176 -90)
479,180,Schapiro Reservoir,Barth & Capital Hill Aves,951.0,A2A,Berryman,W,,,,,WSG,0.0,,RCH,CC,,,SA26,189.0,DISTRIBUTION RESERVOIR,DRES,1473,534,IS,1955-01-01,,Schapiro Reservoir,Schapiro Reservoir (DRES),,N,N,N,P,Schapiro,1.0,6037227.0,2175757.0,Schapiro Reservoir,POINT (-122.3190870571975 37.95626318044864)
481,117,Happy Valley Reservoir,N/E end of Honeywood Road,567.0,D7B,Las Aromas,E,,,,,WSG,0.0,,OR,CC,,,OA52,598.0,DISTRIBUTION RESERVOIR,DRES,1518,518,IS,1999-05-20,,Happy Valley Reservoir,Happy Valley Reservoir (DRES),,N,N,N,P,Happy Valley,1.0,6081093.0,2158925.0,Happy Valley Reservoir,POINT (-122.1659266502419 37.9122875990118)
582,1892,May Reservoir,Skyline Blvd 2000' N/o Grass Valley Rd,2027.0,B5D,Country Club,W,,,,,WSG,0.0,,OAK,AL,,,UA55,391.0,DISTRIBUTION RESERVOIR,DRES,1530,462,IS,2005-06-24,,May Reservoir,May Reservoir (DRES),,N,N,,P,May,2.0,6092643.0,2103139.0,May Reservoir,POINT (-122.1225455476138 37.75966329832031)
589,211,Verde Reservoir,R/W end of Monte Verde Dr,1798.0,A5B,Verde,W,,,,,WSG,0.0,,ELS,CC,,,SA54,241.0,DISTRIBUTION RESERVOIR,DRES,1485,542,IS,2003-08-20,,Verde Reservoir,Verde Reservoir (DRES),,N,N,N,P,Verde Reservoir,1.0,6049324.0,2183603.0,Verde Reservoir,POINT (-122.2776537741269 37.97844388121965)
592,216,Withers Reservoir,End Kim Rd,562.0,E3A,Colorados,E,,,,,WSG,0.0,,LAF,CC,,,WA70,678.0,DISTRIBUTION RESERVOIR,DRES,1536,526,IS,1996-07-30,,Withers Reservoir,Withers Reservoir (DRES),,N,N,N,P,Withers,1.0,6098266.0,2167974.0,Withers Reservoir,POINT (-122.1069454944458 37.93795838214069)
629,1034,North Richmond Water Reclamation Equalization Tank,,0.0,,,,,,,,WWG,894.0,CR,RCH,CC,,,,0.0,RECYCLED RESERVOIR,RRES,0,0,IS,1990-01-01,,North Richmond Water Reclamation Equalization Tank,North Richmond Water Reclamation Equalization Tank (RRES),,N,N,N,RT,North Richmond,2.0,0.0,0.0,,POINT (165.9984561648176 -90)
640,90,Diablo Reservoir,R/W at end of Merano Street,596.0,F5B,Diablo,E,,,,,WSG,0.0,,DAN,CC,,,WA61,829.0,DISTRIBUTION RESERVOIR,DRES,1578,488,TRS,1999-01-20,,Diablo Reservoir,Diablo Reservoir (DRES),,N,N,N,P,Diablo,1.0,6140203.0,2128463.0,Diablo Reservoir,POINT (-121.9594078734348 37.83135018259945)
642,1898,Forestland Reservoir,N/s at 6501 Colton Bl,2029.0,B9A,Forestland,W,,,,,WSG,0.0,,OAK,AL,,,UA70,492.0,DISTRIBUTION RESERVOIR,DRES,1506,490,IS,2005-05-24,,Forestland Reservoir,Forestland Reservoir (DRES),,N,N,,P,Forestland,2.0,6069336.0,2130495.0,Forestland Reservoir,POINT (-122.2048801821816 37.83364282345781)
652,55,Bayview #1 Reservoir,E/o 22500 Bayview Ave,942.0,C1A,Bayview,W,,,,,WSG,0.0,,HAY,AL,,NE,UA27,442.0,DISTRIBUTION RESERVOIR,DRES,1548,436,IS,1998-10-02,,Bayview #1 Reservoir,Bayview #1 Reservoir (DRES),,N,N,N,P,Bayview No. 1,2.0,6111039.0,2076775.0,Bayview No 1 Reservoir,POINT (-122.0574009131054 37.68812722495534)
655,127,Laguna No 1 Reservoir,"179 Crestview Drive, through private residence gate",1917.0,D9J,Laguna,E,,,,,WSG,0.0,,OR,CC,,,OA45,655.0,DISTRIBUTION RESERVOIR,DRES,1515,498,IS,1982-01-01,,Laguna No 1 Reservoir,Laguna No 1 Reservoir (DRES),,N,N,N,P,Laguna No 1 Res,1.0,6078315.0,2138900.0,Laguna No 1 Reservoir,POINT (-122.1743137421846 37.85716637013709)
656,73,Castle Hill Reservoir,R/W E/o Saklan Indian Dr,1703.0,D5A,Bryant,E,,,,,WSG,0.0,,WC,CC,,,OA31,563.0,DISTRIBUTION RESERVOIR,DRES,1551,498,IS,1996-08-27,,Castle Hill Reservoir,Castle Hill Reservoir (DRES),,N,N,N,P,Castle Hill,1.0,6113403.0,2139422.0,Castle Hill Reservoir,POINT (-122.0528221813972 37.86025946361654)
611,1524,Bishop No. 2 Reservoir,S/E portion of Wiedemann Ranch Development (Unincorp CC),703.0,F9B,Bishop,E,,,,,WSG,0.0,,SR,CC,,,WA23,857.0,DISTRIBUTION RESERVOIR,DRES,1566,456,TRS,2003-10-17,,Bishop No. 2 Reservoir,Bishop No. 2 Reservoir (DRES),,N,N,,P,Bishop No. 2,1.0,6129370.0,2097570.0,Bishop No 2 Reservoir,POINT (-121.995205337819 37.74604950532724)
569,106,Fire Trail No. 1 Reservoir,N end Greenridge Rd,994.0,C5C,Fire Trail,W,,,,,WSG,0.0,,CV,AL,,,UA48,477.0,DISTRIBUTION RESERVOIR,DRES,1551,446,TRS,2001-01-03,2004-01-03,Fire Trail No. 1 Reservoir,Fire Trail No. 1 Reservoir (DRES),,N,N,N,P,Fire Trail No. 1,2.0,6114659.0,2088015.0,Fire Trail No 1 Tank,POINT (-122.0455331306882 37.71915631483957)
571,1893,Bayfair Reservoir,w/2700 Fairmont Dr.,2026.0,C4A,Proctor,W,,,,,WSG,0.0,,SL,AL,,E,UA44,458.0,DISTRIBUTION RESERVOIR,DRES,1530,448,IS,2005-05-24,,Bayfair Reservoir,Bayfair Reservoir (DRES),,N,N,,P,Bayfair,2.0,6092850.0,2089529.0,Bayfair Reservoir (replaces Str. #960),POINT (-122.1210145562676 37.72230131797667)
572,164,Proctor No. 2 Reservoir,300' N/o End of Proctor Rd,1786.0,C4A,Proctor,W,,,,,WSG,164.0,,CV,AL,,,UA16,464.0,DISTRIBUTION RESERVOIR,DRES,1545,448,IS,1972-01-01,,Proctor No. 2 Reservoir,Proctor No. 2 Reservoir (DRES),,N,N,N,P,Proctor No. 2,2.0,6108241.0,2088849.0,Proctor No 2 Reservoir,POINT (-122.0677677854604 37.72115352792325)
664,1506,Water Truck 7090,"No permanent location, see Intranet for current location.",0.0,,,,,,,,WSG,0.0,,,,,,,0.0,PORTABLE RESERVOIR,PRES,0,0,IS,1990-01-01,,Water Truck 7090,Water Truck 7090 (PRES),,N,N,,,Water Truck 7090,0.0,0.0,0.0,,POINT (165.9984561648176 -90)
665,1505,Water Truck 7080,"No permanent location, see Intranet for current location.",0.0,,,,,,,,WSG,0.0,,,,,,,0.0,PORTABLE RESERVOIR,PRES,0,0,IS,1990-01-01,,Water Truck 7080,Water Truck 7080 (PRES),,N,N,,,Water Truck 7080,0.0,0.0,0.0,,POINT (165.9984561648176 -90)
693,176,San Pablo Clearwell,San Pablo C,501.0,G0A,Central,W,,,,,WSG,29.0,,KEN,CC,,,PP02,60.0,DISTRIBUTION RESERVOIR,DRES,1482,514,IS,1995-12-11,,San Pablo Clearwell,San Pablo Clearwell (DRES),,N,N,N,P,San Pablo Clearwell,2.0,6046279.0,2156128.0,San Pablo WTP,POINT (-122.286398016958 37.90284581185164)
706,1933,Westside Reservoir,263 El Toyonal,2042.0,D9E,Westside,E,,,,,WSG,0.0,,OR,CC,,,,0.0,DISTRIBUTION RESERVOIR,DRES,1506,508,IS,2005-07-13,,Westside Reservoir,Westside Reservoir (DRES),,N,N,,P,Westside Reservoir,1.0,6068944.0,2148569.0,Westside Reservoir,POINT (-122.2073782890844 37.88325124324475)
707,100,Encinal Reservoir,End of El Rincon (E/o El Toyonal),769.0,D7C,Encinal,E,,,,,WSG,0.0,,OR,CC,,,OA20,609.0,DISTRIBUTION RESERVOIR,DRES,1506,508,IS,1955-01-01,,Encinal Reservoir,Encinal Reservoir (DRES),,N,N,N,P,Encinal,1.0,6069160.0,2148922.0,Encinal Tank,POINT (-122.2066522574466 37.88423132407102)
735,77,City Line Reservoir,N/o 14330 Skyline Bl (in Anthony Chabot Reg. Park),1724.0,B7B,City Line,W,,,,,WSG,0.0,,OAK,AL,,,UA64,488.0,DISTRIBUTION RESERVOIR,DRES,1527,468,IS,1995-07-28,,City Line Reservoir,City Line Reservoir (DRES),,N,N,N,P,City Line,2.0,6089877.0,2109607.0,City Line Reservoir,POINT (-122.1325024844846 37.77729189129484)
744,177,San Ramon Reservoir,R/W W/o Old Crow Canyon Rd & Omega Rd,1736.0,F5BF,San Ramon,E,,,,,WSG,0.0,,SR,CC,,,WA56,841.0,DISTRIBUTION RESERVOIR,DRES,1569,468,IS,2005-12-14,,San Ramon Reservoir,San Ramon Reservoir (DRES),,N,N,N,P,San Ramon,1.0,6132058.0,2110036.0,San Ramon Reservoir,POINT (-121.9865941995196 37.78039838299588)
753,139,Miller Reservoir,20' N/o 6597 Bellhurst Wy,1717.0,C7A,Miller,W,,,,,WSG,0.0,,CV,AL,,,UA19,494.0,DISTRIBUTION RESERVOIR,DRES,1548,452,IS,1985-01-01,,Miller Reservoir,Miller Reservoir (DRES),,N,N,N,P,Miller,2.0,6111113.0,2093766.0,Miller Tank,POINT (-122.0581221144794 37.73478686376849)
757,89,Derby Reservoir,1500' SW/o Derby Dr,1921.0,F7F,Derby,E,,,,,WSG,0.0,,SR,CC,,,WA57,874.0,DISTRIBUTION RESERVOIR,DRES,1569,458,IS,1991-06-03,,Derby Reservoir,Derby Reservoir (DRES),,N,N,N,P,Derby,1.0,6132888.0,2100373.0,Derby Reservoir,POINT (-121.9831929517944 37.75390008316554)
764,874,Reliez Reservoir,"N/S Sunrise Ridge Drive, w/o Hidden Pond Road",1938.0,E5C,Reliez,E,,,,,WSG,0.0,,PH,CC,,,WA50,688.0,DISTRIBUTION RESERVOIR,DRES,1533,532,IS,1995-05-12,,Reliez Reservoir,Reliez Reservoir (DRES),,N,N,N,P,Reliez,1.0,6096842.0,2173158.0,Reliez Res,POINT (-122.1121920601714 37.95212553853808)
716,145,Mulholland No. 2 Reservoir,N/S Donald Dr 700' W/o Goodfellow Dr,1916.0,D9A,Mulholland,E,,,,,WSG,0.0,,OR,CC,,,OA48,639.0,DISTRIBUTION RESERVOIR,DRES,1524,498,IS,1998-11-06,,Mulholland No. 2 Reservoir,Mulholland No. 2 Reservoir (DRES),,N,N,N,P,Mulholland No. 2,1.0,6087417.0,2139217.0,Mulholland No 2 Reservoir,POINT (-122.1428102411682 37.85847936721937)
718,834,Amito Reservoir,1068 Amito Ave,1936.0,A7B,Amito,W,,,,,WSG,0.0,,OAK,AL,,,SA30,262.0,DISTRIBUTION RESERVOIR,DRES,1500,500,IS,1994-04-12,,Amito Reservoir,Amito Reservoir (DRES),,N,N,N,P,Amito,2.0,6061562.0,2140598.0,Amito Reservoir,POINT (-122.2324418464742 37.86099218083507)
721,86,Crossroads Reservoir,W/o End Knickerbocker Ln,971.0,D7DB,Crossroads,E,,,,,WSG,0.0,,OR,CC,,,OA34,614.0,DISTRIBUTION RESERVOIR,DRES,1512,502,IS,1960-01-01,,Crossroads Reservoir,Crossroads Reservoir (DRES),,N,N,N,P,Crossroads,1.0,6075159.0,2143874.0,Crossroads Tank,POINT (-122.1855538422505 37.87066872383276)
682,121,Hink Reservoir,N/W end of Vista Bella,1923.0,E9A,Hink,E,,,,,WSG,0.0,,LAF,CC,,,WA58,697.0,DISTRIBUTION RESERVOIR,DRES,1533,516,IS,1984-01-01,,Hink Reservoir,Hink Reservoir (DRES),,N,N,N,P,Hink,1.0,6096112.0,2156786.0,Hink Reservoir,POINT (-122.113745027889 37.90713627576472)
686,168,Richmond Reservoir,End Posey Av (E/o Grand Blvd),950.0,G0A,Central,W,,,,,WSG,0.0,,RCH,CC,,,SA25,97.0,DISTRIBUTION RESERVOIR,DRES,1455,522,TRS,2007-07-12,,Richmond Reservoir,Richmond Reservoir (DRES),,N,N,N,P,Richmond,2.0,6018403.0,2162642.0,Richmond Reservoir,POINT (-122.3834481559822 37.9192316547849)
782,92,Dingee Reservoir,Estates Dr at Bullard Dr,717.0,B5A,Dingee,W,,,,,WSG,0.0,,OAK,AL,,,SA42,257.0,DISTRIBUTION RESERVOIR,DRES,1503,488,IS,2003-08-13,,Dingee Reservoir,Dingee Reservoir (DRES),,N,N,N,P,Dingee,2.0,6065651.0,2129079.0,Dingee Reservoir,POINT (-122.2175482262462 37.82956985180446)
783,114,Green Valley Reservoir,1500 Diablo Road,597.0,F3A,Danville,E,,,,,WSG,0.0,,DAN,CC,,,WA15,809.0,DISTRIBUTION RESERVOIR,DRES,1572,488,IS,1997-12-08,,Green Valley Reservoir,Green Valley Reservoir (DRES),,N,N,N,P,Green Valley,1.0,6135935.0,2129662.0,Green Valley Reservoir,POINT (-121.974249777016 37.83445900806552)
793,1523,Bishop No. 1 Reservoir,S/E portion of Wiedemann Ranch Development (Unincorp CC),702.0,F9B,Bishop,E,,,,,WSG,0.0,,SR,CC,,,WA23,857.0,DISTRIBUTION RESERVOIR,DRES,1566,456,IS,2001-05-01,,Bishop No. 1 Reservoir,Bishop No. 1 Reservoir (DRES),,N,N,,P,Bishop No. 1,1.0,6129418.0,2097529.0,Bishop No 1 Reservoir,POINT (-121.9950370822916 37.74593902542983)
794,2067,Pardee Center Treated Water Tank,3535 Sandretto Road,0.0,,,,,,,,WSG,0.0,,VS,CA,95252,,,0.0,SUPPLY RESERVOIR,SRES,0,0,IS,1990-01-01,,Pardee Center Treated Water Tank,Pardee Center Treated Water Tank (SRES),,N,N,,P,PACT Tank,1.0,0.0,0.0,,POINT (165.9984561648176 -90)
795,2063,Camanche North Shore Recreation Area North Tank,200 Camanche Road,0.0,,,,,,,,WSG,0.0,,ION,AM,95640,,,0.0,SUPPLY RESERVOIR,SRES,0,0,IS,1990-01-01,,Camanche North Shore Recreation Area North Tank,Camanche North Shore Recreation Area North Tank (SRES),,N,N,,P,CANS North Tank,1.0,0.0,0.0,,POINT (165.9984561648176 -90)
796,1957,Valory Reservoir,north of end of Panorama Dr. (north of Happy Valley Rd.),2088.0,D7B,Las Aromas,E,,,,,WSG,0.0,,LAF,CC,,,,0.0,DISTRIBUTION RESERVOIR,DRES,0,0,IS,2006-07-28,,Valory Reservoir,Valory Reservoir (DRES),,N,N,,P,Valory Res,1.0,0.0,0.0,Valory Reservoir,POINT (165.9984561648176 -90)
827,1048,Walpert North No. 1 Reservoir,E/o the end of Boulder Canyon Drive,1939.0,C6A,Walpert,W,,,,,WSG,0.0,,CV,AL,,,UA53,484.0,DISTRIBUTION RESERVOIR,DRES,1557,436,TRS,2007-09-19,,Walpert North No. 1 Reservoir,Walpert North No. 1 Reservoir (DRES),Walpert North No. 2,N,N,N,P,Walpert North No. 1,2.0,6119146.0,2078107.0,Walpert North No 1 Reservoir,POINT (-122.0294625506445 37.69215170789104)
828,98,El Portal Reservoir,17241 President Dr,906.0,G1BA,Upper San Leandro,W,,,,,WSG,0.0,,CV,AL,,,UA02,145.0,DISTRIBUTION RESERVOIR,DRES,1536,438,IS,1941-01-01,,El Portal Reservoir,El Portal Reservoir (DRES),,N,N,N,P,El Portal,2.0,6099337.0,2078777.0,El Portal Reservoir,POINT (-122.0979544425556 37.69308328160462)
832,49,Argyle No. 2 Reservoir,E/o Argyle No. 1 Res.,557.0,A2E,Argyle,W,,,,,WSG,48.0,,ELS,CC,,,SA14,217.0,DISTRIBUTION RESERVOIR,DRES,1482,544,IS,1970-01-01,,Argyle No. 2 Reservoir,Argyle No. 2 Reservoir (DRES),,N,N,N,P,Argyle No. 2,1.0,6045684.0,2185414.0,Argyle No 2 Reservoir,POINT (-122.2904004107415 37.98322593190998)
834,194,Stott Reservoir,R/W E/o Marcas St (S/o Doidge Av),593.0,A2B,Mendocino,W,,,,,WSG,0.0,,PIN,CC,,,SA72,175.0,DISTRIBUTION RESERVOIR,DRES,1494,544,IS,2003-04-11,,Stott Reservoir,Stott Reservoir (DRES),,N,N,N,P,Stott,1.0,6057617.0,2185088.0,Stott Tank,POINT (-122.2489827930089 37.98295005676606)
838,205,Trilane Reservoir,SW/o Tri Ln & San Pablo Dam Rd,759.0,A2AA,Trilane,W,,,,,WSG,0.0,,RCH,CC,,,SA63,192.0,DISTRIBUTION RESERVOIR,DRES,1488,532,IS,1932-01-01,,Trilane Reservoir,Trilane Reservoir (DRES),,N,N,N,P,Trilane,1.0,6050888.0,2172550.0,Trilane Reservoir,POINT (-122.2715031454653 37.94817680364287)
817,161,Pleasant Hill Reservoir,1480 Pleasant Hill Rd,798.0,E3A,Colorados,E,,,,,WSG,0.0,,WC,CC,,,WA08,676.0,DISTRIBUTION RESERVOIR,DRES,1536,518,IS,2003-06-18,,Pleasant Hill Reservoir,Pleasant Hill Reservoir (DRES),,N,N,N,P,Pleasant Hill,1.0,6100269.0,2160368.0,Pleasant Hill Reservoir,POINT (-122.0995504516301 37.91716768394887)
860,1043,Fairview North No. 1 Reservoir,East of the end of Boulder Canyon Drive,1940.0,C4C,Fairview,W,,,,,WSG,0.0,,CV,AL,,,UA22,473.0,DISTRIBUTION RESERVOIR,DRES,1554,436,IS,1996-08-09,,Fairview North No. 1 Reservoir,Fairview North No. 1 Reservoir (DRES),Fairview North #2 Res; Walpert North PP,N,N,N,P,Fairview North No. 1,2.0,6118350.0,2078231.0,Fairview North No 1 Reservoir,POINT (-122.0322202675862 37.6924564789004)
862,173,Rolph Reservoir,R/W at 127 Welle Rd,1793.0,A2D,Rolph,W,,,,,WSG,0.0,,CR,CC,,,SA38,212.0,DISTRIBUTION RESERVOIR,DRES,1506,568,IS,1971-01-01,,Rolph Reservoir,Rolph Reservoir (DRES),,N,N,N,P,Rolph,1.0,6069049.0,2208665.0,Rolph Reservoir,POINT (-122.2108190788115 38.04826551580772)
863,71,Castenada No. 1 Reservoir,N/s Crow Canyon Rd - 1000' E/o Canyon Crest Dr.,1739.0,F5BF,San Ramon,E,,,,,WSG,0.0,,SR,CC,,,WA47,842.0,DISTRIBUTION RESERVOIR,DRES,1584,472,IS,1992-10-23,,Castenada No. 1 Reservoir,Castenada No. 1 Reservoir (DRES),Castenada No. 2,N,N,N,P,Castenada No. 1,1.0,6146860.0,2112572.0,Castenada No 1 Reservoir,POINT (-121.935516513797 37.78799636779743)
865,162,Potrero Reservoir,"NW/o 3108 Point Orient Rd, Point San Pablo area",799.0,G0A,Central,W,,,,,WSG,0.0,,RCH,CC,,,SA55,96.0,DISTRIBUTION RESERVOIR,DRES,1443,538,TRS,2005-02-16,,Potrero Reservoir,Potrero Reservoir (DRES),,N,N,N,P,Potrero,2.0,6006281.0,2179205.0,Potrero Reservoir,POINT (-122.4266439719723 37.96403074051992)
869,185,Shawn Reservoir,250' SSW/o End of Heavenly Ridge Ln,1908.0,A4M,Shawn,W,,,,,WSG,0.0,,RCH,CC,,,SA59,237.0,DISTRIBUTION RESERVOIR,DRES,1488,538,IS,1992-04-21,,Shawn Reservoir,Shawn Reservoir (DRES),,N,N,N,P,Shawn,1.0,6051455.0,2179670.0,Shawn Reservoir,POINT (-122.270003793624 37.96775582171888)
893,184,Shasta No. 2 Reservoir,End Bay Tree Ln (off Shasta Rd),938.0,A9D,Shasta,W,,,,,WSG,0.0,,BER,AL,,,SA08,286.0,DISTRIBUTION RESERVOIR,DRES,1494,510,IS,2004-05-28,,Shasta No. 2 Reservoir,Shasta No. 2 Reservoir (DRES),,N,N,N,P,Shasta No. 2,2.0,6056447.0,2151481.0,Shasta (No 2) Reservoir,POINT (-122.2508617928542 37.89061349594254)
905,53,Baseline Reservoir,N/o end Hillcrest Dr,918.0,D7A,Baseline,E,,,,,WSG,0.0,,OR,CC,,,OA29,587.0,DISTRIBUTION RESERVOIR,DRES,1518,506,IS,1999-05-05,,Baseline Reservoir,Baseline Reservoir (DRES),,N,N,N,P,Baseline,1.0,6080720.0,2148113.0,Base Line Reservoir,POINT (-122.1665524725907 37.88258154021496)
906,199,Sunset Reservoir,End South Rd 900' W/o Mt View Dr,785.0,D5A,Bryant,E,,,,,WSG,0.0,,LAF,CC,,,OA53,573.0,DISTRIBUTION RESERVOIR,DRES,1527,506,IS,1940-01-01,,Sunset Reservoir,Sunset Reservoir (DRES),,N,N,N,P,Sunset,1.0,6091074.0,2148365.0,Sunset Tank,POINT (-122.1306965475615 37.88377391002788)
943,191,South Reservoir,N/o Grove Way & Gail Dr,953.0,G0A,Central,W,,,,,WSG,0.0,,CV,AL,,,UA58,439.0,DISTRIBUTION RESERVOIR,DRES,1539,434,IS,2007-06-28,,South Reservoir,South Reservoir (DRES),,N,N,N,P,South,2.0,6102970.0,2076357.0,South Reservoir,POINT (-122.0852584041143 37.68660765838028)
950,1694,Knife No. 2 Reservoir,"End of Ashbourne Dr, Approximately 1.2 miles S/E of Norris Canyon Rd",729.0,F13A,Knife,E,,,,,WSG,0.0,,SR,CC,,,,0.0,DISTRIBUTION RESERVOIR,DRES,1569,454,IS,2005-02-26,,Knife No. 2 Reservoir,Knife No. 2 Reservoir (DRES),,N,N,,P,Knife #2,1.0,6130427.0,2095587.0,Knife No 2 Reservoir,POINT (-121.9914408380317 37.74065056987335)
951,2064,Camanche South Shore Recreation Area West Tank,11700 Wade Lane,0.0,,,,,,,,WSG,0.0,,WAL,CA,95225,,,0.0,SUPPLY RESERVOIR,SRES,0,0,IS,1990-01-01,,Camanche South Shore Recreation Area West Tank,Camanche South Shore Recreation Area West Tank (SRES),,N,N,,P,CASS West Tank,1.0,0.0,0.0,,POINT (165.9984561648176 -90)
952,2062,Camanche North Shore Recreation Area South Tank,200 Camanche Road,0.0,,,,,,,,WSG,0.0,,ION,AM,95640,,,0.0,SUPPLY RESERVOIR,SRES,0,0,IS,1990-01-01,,Camanche North Shore Recreation Area South Tank,Camanche North Shore Recreation Area South Tank (SRES),,N,N,,P,CANS South Tank,1.0,0.0,0.0,,POINT (165.9984561648176 -90)
959,1874,Berkeley Hills Reservoir,R/W off Grizzly Peak Blvd.,724.0,B13A,Skyline,W,,,,,WSG,57.0,,OAK,AL,,,,0.0,DISTRIBUTION RESERVOIR,DRES,1503,502,IS,2004-06-03,,Berkeley Hills Reservoir,Berkeley Hills Reservoir (DRES),,N,N,,P,Berkeley Hills,2.0,6066147.0,2143817.0,Berkeley Hills Reservoir,POINT (-122.216766517165 37.87006276306092)
913,186,Sherwick Reservoir,6865 Sherwick Dr.,592.0,A7B,Amito,W,,,,,WSG,0.0,,OAK,AL,,,SA66,263.0,DISTRIBUTION RESERVOIR,DRES,1500,498,IS,1990-11-16,,Sherwick Reservoir,Sherwick Reservoir (DRES),,N,N,N,P,Sherwick,2.0,6064059.0,2138850.0,Sherwick Reservoir,POINT (-122.2236822905849 37.85631900357735)
916,115,Grizzly Reservoir,S/E end Lucas Dr,996.0,D5A,Bryant,E,,,,,WSG,0.0,,LAF,CC,,,OA46,575.0,DISTRIBUTION RESERVOIR,DRES,1542,500,IS,1965-01-01,,Grizzly Reservoir,Grizzly Reservoir (DRES),,N,N,N,P,Grizzly,1.0,6105225.0,2140878.0,Grizzly Reservoir,POINT (-122.0812315354129 37.86388181397219)
917,84,Crest Reservoir,225 Sydney Dr,1905.0,F5C,Crest,E,,,,,WSG,0.0,,WC,CC,,S,WA21,849.0,DISTRIBUTION RESERVOIR,DRES,1551,500,IS,1961-01-01,,Crest Reservoir,Crest Reservoir (DRES),,N,N,N,P,Crest,1.0,6113662.0,2141937.0,Crest Reservoir,POINT (-122.0520695355892 37.86717719025577)
873,138,Mendocino Reservoir,R/W off Turquoise Dr.,1766.0,A2B,Mendocino,W,,,,,WSG,0.0,,HER,CC,,,SA49,204.0,DISTRIBUTION RESERVOIR,DRES,1491,548,IS,2005-05-06,,Mendocino Reservoir,Mendocino Reservoir (DRES),,N,N,N,P,Mendocino,1.0,6052570.0,2189428.0,Mendocino Reservoir,POINT (-122.2667751725406 37.99460631171635)
985,219,Pinehaven No. 2 Reservoir,6039 Grizzly Peak Blvd.,1930.0,B11A,Pinehaven,W,B9A,Forestland,,,WSG,160.0,,OAK,AL,,,UA65,419.0,DISTRIBUTION RESERVOIR,DRES,1506,496,IS,1991-02-25,,Pinehaven No. 2 Reservoir,Pinehaven No. 2 Reservoir (DRES),,N,N,N,P,Pinehaven No. 2,2.0,6067807.0,2137207.0,Pinehaven No 2 Reservoir,POINT (-122.2105982942521 37.85199629861383)
990,70,Carter Reservoir,End Alta Mesa Dr,1795.0,D7J,Carter,E,,,,,WSG,0.0,,MOR,CC,,,OA64,622.0,DISTRIBUTION RESERVOIR,DRES,1533,490,IS,1998-06-12,,Carter Reservoir,Carter Reservoir (DRES),,N,N,N,P,Carter,1.0,6094387.0,2130957.0,Carter Reservoir,POINT (-122.1181762631859 37.83613163653627)
993,188,Sky Terrace Reservoir,End Sky Terrace,585.0,F5BA,Sky Terrace,E,,,,,WSG,0.0,,DAN,CC,,,WA28,834.0,DISTRIBUTION RESERVOIR,DRES,1563,480,IS,1960-01-01,,Sky Terrace Reservoir,Sky Terrace Reservoir (DRES),,N,N,N,P,Sky Terrace,1.0,6125375.0,2121520.0,Sky Terrace Reservoir,POINT (-122.0103568612583 37.81163940344381)
994,179,Scenic East Reservoir,1000' W/o end of Maplewood Dr.,1928.0,F7E,Scenic,E,,,,,WSG,0.0,,BHK,CC,,,WA34,892.0,DISTRIBUTION RESERVOIR,DRES,1587,480,IS,1988-01-01,,Scenic East Reservoir,Scenic East Reservoir (DRES),,N,N,N,P,Scenic-East,1.0,6149406.0,2122068.0,Scenic East Reservoir,POINT (-121.9272077781299 37.81417916697713)
995,65,Blackhawk No. 2 Reservoir,S/o End Wild Oak Ln,1927.0,F8A,Blackhawk,E,,,,,WSG,0.0,,BHK,CC,,,WA45,880.0,DISTRIBUTION RESERVOIR,DRES,1593,480,IS,1987-01-01,,Blackhawk No. 2 Reservoir,Blackhawk No. 2 Reservoir (DRES),,N,N,N,P,Blackhawk No. 2,1.0,6155604.0,2121918.0,Blackhawk No 2 Reservoir,POINT (-121.9057461772553 37.81402470410269)
1000,156,Pearl Reservoir,R/W E/o Monte Cresta Av,957.0,A4D,Pearl,W,,,,,WSG,0.0,,RCH,CC,,,SA53,230.0,DISTRIBUTION RESERVOIR,DRES,1476,534,IS,1997-12-30,,Pearl Reservoir,Pearl Reservoir (DRES),,N,N,N,P,Pearl,1.0,6039198.0,2176189.0,Pearl Tank,POINT (-122.3122810939078 37.95755425863263)
1020,69,Carisbrook Reservoir,2677 Carisbrook Dr,753.0,B11B,Carisbrook,W,,,,,WSG,0.0,,OAK,AL,,,UA30,423.0,DISTRIBUTION RESERVOIR,DRES,1509,486,IS,2005-12-01,,Carisbrook Reservoir,Carisbrook Reservoir (DRES),,N,N,N,P,Carisbrook,2.0,6073347.0,2128047.0,Carisbrook Reservoir,POINT (-122.1908404527743 37.82712064647212)
1023,1521,San Catanio Reservoir,"Wiedemann Ranch Development, Unincorporated area of Contra Costa County",704.0,F7F,Derby,E,,,,,WSG,0.0,,SR,CC,,,WA19,858.0,DISTRIBUTION RESERVOIR,DRES,1566,458,IS,1996-01-01,,San Catanio Reservoir,San Catanio Reservoir (DRES),,N,N,,P,San Catanio,1.0,6128877.0,2099907.0,San Catanio Reservoir,POINT (-121.9970394164376 37.75244519037256)
1049,82,Country Club Reservoir,81 Graeagle,988.0,B5D,Country Club,W,,,,,WSG,0.0,,OAK,AL,,,UA45,478.0,DISTRIBUTION RESERVOIR,DRES,1527,466,IS,1977-01-01,,Country Club Reservoir,Country Club Reservoir (DRES),,N,N,N,P,Country Club,2.0,6090167.0,2107407.0,Country Club Reservoir,POINT (-122.1313666045397 37.77126476848705)
1052,105,Field Reservoir,500' E/o Mountain Bl opp USL WTP,980.0,B2A,39th Avenue,W,,,,,WSG,32.0,,OAK,AL,,,UA72,451.0,DISTRIBUTION RESERVOIR,DRES,1521,468,IS,1961-01-01,,Field Reservoir,Field Reservoir (DRES),,N,N,N,P,Field,2.0,6082953.0,2108611.0,Field Reservoir,POINT (-122.1563954797903 37.77422317770614)
1066,42,Acorn Reservoir,"Eagle Ridge Lane, 1000' N/o Eagle Ridge Drive",1926.0,F10A,Acorn,E,,,,,WSG,0.0,,BHK,CC,,,WA03,887.0,DISTRIBUTION RESERVOIR,DRES,1593,484,IS,1988-01-01,,Acorn Reservoir,Acorn Reservoir (DRES),,N,N,N,P,Acorn,1.0,6155807.0,2125597.0,Acorn Reservoir,POINT (-121.9052346433791 37.82413558332225)
1087,225,Apollo Reservoir,1000' W/o Peters Ranch Rd.,1935.0,F7G,Apollo,E,,,,,WSG,0.0,,DAN,CC,,,WA43,871.0,DISTRIBUTION RESERVOIR,DRES,1569,472,IS,1995-05-30,,Apollo Reservoir,Apollo Reservoir (DRES),,N,N,N,P,Apollo,1.0,6130415.0,2112500.0,Apollo Reservoir,POINT (-121.9924145156448 37.78709269884028)
1088,202,39th Ave Reservoir,4290 Maybelle,741.0,B2A,39th Avenue,W,,,,,WSG,0.0,,OAK,AL,,,UA52,444.0,DISTRIBUTION RESERVOIR,DRES,1512,474,IS,2005-12-02,,39th Ave Reservoir,39th Ave Reservoir (DRES),,N,N,N,P,39th Avenue,2.0,6074187.0,2116157.0,39th Avenue Reservoir,POINT (-122.1871908505976 37.79451397305898)
1089,75,Central Reservoir,End E 30th St at 23rd Ave,711.0,G0A,Central,W,,,,,WSG,0.0,,OAK,AL,,,OA22,91.0,DISTRIBUTION RESERVOIR,DRES,1500,476,IS,2003-01-28,,Central Reservoir,Central Reservoir (DRES),,N,N,N,P,Central,2.0,6063693.0,2117594.0,Central Reservoir,POINT (-122.2235948616145 37.79793510566217)
1094,208,USL Clearwell,USL C,503.0,G1BA,Upper San Leandro,W,,,,,WSG,32.0,,OAK,AL,,,UP01,321.0,DISTRIBUTION RESERVOIR,DRES,1518,466,IS,2003-04-08,,USL Clearwell,USL Clearwell (DRES),,N,N,N,P,USL CW,2.0,6081782.0,2107751.0,Upper San Leandro WTP,POINT (-122.1603936918363 37.77180477655454)
1099,724,Chabot Golf Course Reclamation Reservoir,End of Golf Links Rd. (in Chabot Golf Course),330.0,,,,,,,,WSG,11.0,,OAK,AL,,,UA56,463.0,UNTREATED RESERVOIR,URES,1530,456,IS,1991-12-04,,Chabot Golf Course Reclamation Reservoir,Chabot Golf Course Reclamation Reservoir (URES),,N,N,N,U,Chabot Golf Course,2.0,6091492.0,2096932.0,Chabot Reservoir (Non-Potable Water),POINT (-122.1261537048694 37.74256461598956)
1105,97,Eden Reservoir,R/W N/o Villareal Dr,992.0,C8A,Eden,W,,,,,WSG,0.0,,CV,AL,,,UA08,499.0,DISTRIBUTION RESERVOIR,DRES,1560,448,IS,1983-01-01,,Eden Reservoir,Eden Reservoir (DRES),,N,N,N,P,Eden,2.0,6121753.0,2088672.0,Eden Reservoir,POINT (-122.0210465648726 37.72127928591706)
1130,58,Berkeley View No. 1 Reservoir,1363 Summit Rd,762.0,A11C,Berkeley View,W,,,,,WSG,0.0,,OAK,AL,,,SA17,294.0,DISTRIBUTION RESERVOIR,DRES,1494,508,IS,1998-11-30,,Berkeley View No. 1 Reservoir,Berkeley View No. 1 Reservoir (DRES),,N,N,N,P,Berkeley View No. 1,2.0,6057797.0,2149127.0,Berkeley View No 1 Reservoir,POINT (-122.246032280864 37.88421911958865)
1144,40,USL Reservoir,"East of Oakland, South of Moraga, alongside Redwood Rd.",523.0,,,,,,,,WSG,0.0,,OAK,AL,,E,UAST02,450.0,SUPPLY RESERVOIR,SRES,1536,464,IS,1926-01-01,,USL Reservoir,USL Reservoir (SRES),,N,N,N,U,Upper San Leandro Res,2.0,6100077.0,2104677.0,"Upper San Leandro Reservoir, Tunnel, and Dam",POINT (-122.0969237594855 37.76423734331248)
1146,1927,Columbian Temporary Tank 0.28 MG,5601 Oakport St.,0.0,,,,,,,,WSG,21.0,,OAK,AL,,,,0.0,DISTRIBUTION RESERVOIR,DRES,0,0,TRS,2003-10-01,,Columbian Temporary Tank 0.28 MG,Columbian Temporary Tank 0.28 MG (DRES),,N,N,,P,Columbian 0.28 MG,2.0,0.0,0.0,,POINT (165.9984561648176 -90)
1147,1956,Sleepy Hollow Reservoir,50 Tappan Ln,2087.0,,,,,,,,WSG,0.0,,OR,CC,,,,0.0,DISTRIBUTION RESERVOIR,DRES,0,0,IS,2006-11-02,,Sleepy Hollow Reservoir,Sleepy Hollow Reservoir (DRES),,N,N,,P,Sleepy Hollow,1.0,0.0,0.0,Sleepy Hollow Reservoir,POINT (165.9984561648176 -90)
1148,1966,Walnut Creek Clearwell,2201 Larkey Ln,0.0,,,,,,,,WSG,0.0,,WC,CC,,,,0.0,DISTRIBUTION RESERVOIR,DRES,0,0,IS,2005-08-26,,Walnut Creek Clearwell,Walnut Creek Clearwell (DRES),,N,N,,P,WC Clearwell,1.0,0.0,0.0,,POINT (165.9984561648176 -90)
1154,171,Road 24 Reservoir,3135 Hilltp Dr 400' W/o Moyers Rd,963.0,A1A,Road 24,W,,,,,WSG,0.0,,RCH,CC,,,SA56,168.0,DISTRIBUTION RESERVOIR,DRES,1473,542,IS,2005-12-08,,Road 24 Reservoir,Road 24 Reservoir (DRES),,N,N,N,P,Road 24,1.0,6035689.0,2183404.0,Road 24 Reservoir,POINT (-122.3249373702779 37.97717729757782)
1191,126,Lafayette Clearwell,Lafayette C,509.0,H1A,Leland,E,,,,,WSG,16.0,,LAF,CC,,,LP02,709.0,DISTRIBUTION RESERVOIR,DRES,1524,510,IS,1953-01-01,,Lafayette Clearwell,Lafayette Clearwell (DRES),,N,N,N,P,Lafayette CW,1.0,6088311.0,2150469.0,Lafayette WTP,POINT (-122.140396717207 37.8894186902529)
1212,760,Sunnyside Reservoir,1200' West of E/end of Orinda View Rd.,1934.0,D9C,Valley View,E,,,,,WSG,0.0,,OR,CC,,,OA50,644.0,DISTRIBUTION RESERVOIR,DRES,1515,518,IS,1992-07-09,,Sunnyside Reservoir,Sunnyside Reservoir (DRES),,N,N,N,P,Sunnyside,1.0,6078407.0,2160192.0,Sunnyside Reservoir,POINT (-122.1753144254237 37.91563499071264)
1244,143,Muir Reservoir,E/o La Casa Via,556.0,F3A,Danville,E,,,,,WSG,0.0,,WC,CC,,E,WA53,817.0,DISTRIBUTION RESERVOIR,DRES,1557,514,IS,1984-08-15,,Muir Reservoir,Muir Reservoir (DRES),,N,N,N,P,Muir,1.0,6120084.0,2154592.0,Muir Reservoir,POINT (-122.0305414849064 37.90221663692159)
1248,110,Glen Reservoir,1200' W/o end Monticello off Glen Rd,937.0,D5A,Bryant,E,,,,,WSG,0.0,,LAF,CC,,,OA39,564.0,DISTRIBUTION RESERVOIR,DRES,1530,514,IS,1949-01-01,,Glen Reservoir,Glen Reservoir (DRES),,N,N,N,P,Glen,1.0,6092835.0,2155522.0,Glen Reservoir,POINT (-122.1250258377494 37.90350996184826)
1198,124,Joaquin Miller Reservoir,Rubin Dr & Robinson Dr,788.0,B7A,Joaquin Miller,W,,,,,WSG,0.0,,OAK,AL,,,UA17,398.0,DISTRIBUTION RESERVOIR,DRES,1512,478,IS,2001-09-06,,Joaquin Miller Reservoir,Joaquin Miller Reservoir (DRES),,N,N,N,P,Joaquin Miller,2.0,6075588.0,2119797.0,Joaquin Miller Reservoir,POINT (-122.18256924633 37.80457813309025)
1200,155,Palo Seco Reservoir,E/S Skyline Bl 3600' N/o Joaquin Miller Rd,970.0,B11C,Palo Seco,W,,,,,WSG,0.0,,OAK,AL,,,UA59,498.0,DISTRIBUTION RESERVOIR,DRES,1515,480,IS,1957-01-01,,Palo Seco Reservoir,Palo Seco Reservoir (DRES),,N,N,N,P,Palo Seco,2.0,6077992.0,2121494.0,Palo Seco Reservoir,POINT (-122.1743544742025 37.80935616134741)
1201,88,Danville Reservoir,513 Highland Dr off W Prospect Av,594.0,F3A,Danville,E,,,,,WSG,0.0,,DAN,CC,,,WA36,808.0,DISTRIBUTION RESERVOIR,DRES,1563,480,IS,1961-01-01,,Danville Reservoir,Danville Reservoir (DRES),,N,N,N,P,Danville,1.0,6127112.0,2122138.0,Danville Reservoir,POINT (-122.0043790488685 37.81341315300282)
1251,94,Dos Osos Reservoir,8 Los Norrabos (S/o Dos Osos),967.0,D11B,Dos Osos,E,,,,,WSG,0.0,,OR,CC,,,OA54,659.0,DISTRIBUTION RESERVOIR,DRES,1506,506,IS,1998-01-07,,Dos Osos Reservoir,Dos Osos Reservoir (DRES),,N,N,N,P,Dos Osos,1.0,6068995.0,2147478.0,Dos Osos Tank,POINT (-122.2071326958991 37.88025811726409)
1253,104,Fay Hill Reservoir,Fay Hill Rd NE Moraga Rd & Rheem Blvd,993.0,D7F,Fay Hill,E,,,,,WSG,0.0,,MOR,CC,,,OA63,618.0,DISTRIBUTION RESERVOIR,DRES,1533,498,IS,1966-01-01,,Fay Hill Reservoir,Fay Hill Reservoir (DRES),,N,N,N,P,Fay Hill,1.0,6094647.0,2139957.0,Fay Hill Reservoir,POINT (-122.1178144590117 37.86085685484218)
1254,62,Berryman South Reservoir,7485 Claremont Ave,952.0,A2A,Berryman,W,,,,,WSG,0.0,,OAK,AL,,,SA41,188.0,DISTRIBUTION RESERVOIR,DRES,1497,500,IS,2006-11-10,,Berryman South Reservoir,Berryman South Reservoir (DRES),,N,N,N,P,Berryman-South,2.0,6059517.0,2141037.0,Berryman South Reservoir,POINT (-122.2395527282018 37.86209351125913)
1256,116,Gwin Reservoir,500' SW/o Grizzly Peak Blvd & Marlborough,591.0,A11A,Gwin,W,,,,,WSG,0.0,,OAK,AL,,,SA07,291.0,DISTRIBUTION RESERVOIR,DRES,1503,500,IS,1998-07-17,,Gwin Reservoir,Gwin Reservoir (DRES),,N,N,N,P,Gwin,2.0,6064427.0,2141207.0,Gwin Reservoir,POINT (-122.2225579938509 37.86280947823547)
1260,107,Fire Trail No. 2 Reservoir,N end Greenridge Rd,1902.0,C5C,Fire Trail,W,,,,,WSG,0.0,,CV,AL,,,UA48,477.0,DISTRIBUTION RESERVOIR,DRES,1551,448,IS,1979-01-01,,Fire Trail No. 2 Reservoir,Fire Trail No. 2 Reservoir (DRES),,N,N,N,P,Fire Trail No. 2,2.0,6114291.0,2088469.0,Fire Trail No 2 Reservoir,POINT (-122.0468311979809 37.72038628982929)
1261,38,Chabot Reservoir,End of Estudillo Ave.,522.0,,,,,,,,WSG,0.0,,SL,AL,,E,UAST01,350.0,SUPPLY RESERVOIR,SRES,1530,450,TRS,1990-01-01,,Chabot Reservoir,Chabot Reservoir (SRES),,N,N,N,U,Chabot Res,2.0,6092597.0,2092207.0,Chabot Reservoir and Dam,POINT (-122.1220495788074 37.72964283431536)
1263,63,Birch Reservoir,R/W E/O 1262 Stirling Dr,1758.0,A2C,Birch,W,,,,,WSG,0.0,,ROD,CC,,,SA51,213.0,DISTRIBUTION RESERVOIR,DRES,1497,560,IS,2003-08-21,,Birch Reservoir,Birch Reservoir (DRES),,N,N,N,P,Birch,1.0,6060507.0,2200837.0,Birch Reservoir,POINT (-122.2399727287087 38.02634011427231)
1289,170,Rilea Reservoir,R/W N/o End Rilea Way,1796.0,B3A,Piedmont,W,,,,,WSG,0.0,,OAK,AL,,,UA51,469.0,DISTRIBUTION RESERVOIR,DRES,1521,468,IS,2005-12-02,,Rilea Reservoir,Rilea Reservoir (DRES),,N,N,N,P,Rilea,2.0,6084479.0,2108446.0,Rilea Reservoir,POINT (-122.1511063485349 37.77384408719487)
1294,123,Jensen Reservoir,5494 Jensen Rd,964.0,C4B,Jensen,W,,,,,WSG,0.0,,CV,AL,,,UA21,468.0,DISTRIBUTION RESERVOIR,DRES,1554,442,IS,1955-01-01,,Jensen Reservoir,Jensen Reservoir (DRES),,N,N,N,P,Jensen,2.0,6116223.0,2082741.0,Jensen Reservoir,POINT (-122.0398267354105 37.70474493767281)
1316,136,Maloney Reservoir,R/W off Greenfield Cir.,968.0,A0A,Maloney,W,,,,,WSG,0.0,,PIN,CC,,,SA58,165.0,DISTRIBUTION RESERVOIR,DRES,1479,550,IS,1960-01-01,,Maloney Reservoir,Maloney Reservoir (DRES),,N,N,N,P,Maloney,1.0,6043327.0,2190897.0,Maloney Reservoir,POINT (-122.2989423964393 37.99815651551823)
1318,41,San Pablo Reservoir,San Pablo Dam Rd. NW/o Orinda,524.0,,,,,,,,WSG,0.0,,RCH,CC,,E,SAST01,172.0,SUPPLY RESERVOIR,SRES,1491,530,IS,1920-01-01,,San Pablo Reservoir,San Pablo Reservoir (SRES),,N,N,N,U,San Pablo Res,1.0,6053807.0,2170707.0,"San Pablo Reservoir, Tunnel, and Dam",POINT (-122.2612615525475 37.94326759192474)
1320,1601,Grayson Reservoir,R/W Reliez Val Rd 600' N/o Country Club Dr,701.0,H1A,Leland,E,,,,,WSG,0.0,,PH,CC,,W,WA54,792.0,DISTRIBUTION RESERVOIR,DRES,1536,532,IS,1999-12-13,,Grayson Reservoir,Grayson Reservoir (DRES),,N,N,,P,Grayson,1.0,6099088.0,2172968.0,Grayson Reservoir,POINT (-122.1043922447006 37.95170972488002)
1353,37,Camanche Reservoir,"End of McIntire Rd. at Mokelumne R., 4 miles E of Clements off Hwy 12",105.0,,,,,,,,WSG,0.0,,CLE,SJ,,E,XP02,0.0,SUPPLY RESERVOIR,SRES,0,0,IS,1964-01-01,,Camanche Reservoir,Camanche Reservoir (SRES),,N,N,N,U,Camanche Res,1.0,6411567.0,2268857.0,Camanche Reservoir and Dam,POINT (-121.022501420137 38.22476356060422)
1301,1695,Wiedemann No. 1 Reservoir,Unknown,736.0,F11A,Wiedemann,E,,,,,WSG,0.0,,SR,CC,,,WA24,860.0,DISTRIBUTION RESERVOIR,DRES,1569,454,TRS,2007-09-19,,Wiedemann No. 1 Reservoir,Wiedemann No. 1 Reservoir (DRES),,N,N,,P,Wiedemann No. 1,1.0,6131067.0,2096147.0,Wiedemann No 1 Reservoir,POINT (-121.9892585488658 37.74221627167414)
1303,1929,Superior Temporary Tank 0.41 MG,R/W E/O 1262 Stirling Dr,0.0,,,,,,,,WSG,21.0,,ROD,AL,,,,0.0,DISTRIBUTION RESERVOIR,DRES,0,0,TRS,2003-10-01,,Superior Temporary Tank 0.41 MG,Superior Temporary Tank 0.41 MG (DRES),,N,N,,P,Superior 0.41 MG,2.0,0.0,0.0,,POINT (165.9984561648176 -90)
1304,1928,Columbian Temporary Tank 0.13 MG,5601 Oakport St.,0.0,,,,,,,,WSG,21.0,,OAK,AL,,,,0.0,DISTRIBUTION RESERVOIR,DRES,0,0,TRS,2003-10-01,,Columbian Temporary Tank 0.13 MG,Columbian Temporary Tank 0.13 MG (DRES),,N,N,,P,Columbian 0.13 MG,2.0,0.0,0.0,,POINT (165.9984561648176 -90)
1314,48,Argyle No. 1 Reservoir,N/o end Andrew Way at Argyle Rd,915.0,A2E,Argyle,W,,,,,WSG,0.0,,ELS,CC,,,SA14,217.0,DISTRIBUTION RESERVOIR,DRES,1482,544,IS,2007-06-08,,Argyle No. 1 Reservoir,Argyle No. 1 Reservoir (DRES),,N,N,N,P,Argyle No. 1,1.0,6045113.0,2185683.0,Argyle No 1 Reservoir,POINT (-122.292399099885 37.98393453058505)
